SourceFile,SourceFileSha1,Reason
C:\Users\Administrator\AppData\Local\Packages\Microsoft.MicrosoftEdge_8wekyb3d8bbwe\Settings\settings.dat.LOG2,DA39A3EE5E6B4B0D3255BFEF95601890AFD80709,Deduped
C:\Users\Administrator\AppData\Local\Packages\Microsoft.MicrosoftEdge_8wekyb3d8bbwe\AC\MicrosoftEdge\History\container.dat,DA39A3EE5E6B4B0D3255BFEF95601890AFD80709,Deduped
C:\Users\Administrator\AppData\Local\Packages\Microsoft.MicrosoftEdge_8wekyb3d8bbwe\AC\MicrosoftEdge\User\Default\DNTException\container.dat,DA39A3EE5E6B4B0D3255BFEF95601890AFD80709,Deduped
C:\Users\Administrator\AppData\Local\Packages\Microsoft.MicrosoftEdge_8wekyb3d8bbwe\AC\MicrosoftEdge\User\Default\DataStore\Data\nouser1\120712-0049\DBStore\LogFiles\edbres00002.jrs,6A521E1D2A632C26E53B83D2CC4B0EDECFC1E68C,Deduped
C:\Users\Administrator\AppData\Local\Packages\Microsoft.MicrosoftEdge_8wekyb3d8bbwe\AC\MicrosoftEdge\User\Default\DataStore\Data\nouser1\120712-0049\DBStore\LogFiles\edbtmp.log,6A521E1D2A632C26E53B83D2CC4B0EDECFC1E68C,Deduped
C:\Users\Alice Doe\AppData\Local\Packages\Microsoft.MicrosoftEdge_8wekyb3d8bbwe\Settings\roaming.lock,DA39A3EE5E6B4B0D3255BFEF95601890AFD80709,Deduped
C:\Users\Alice Doe\AppData\Local\Packages\Microsoft.MicrosoftEdge_8wekyb3d8bbwe\AC\Temp\~DF71128EE4075A8462.TMP,DA39A3EE5E6B4B0D3255BFEF95601890AFD80709,Deduped
C:\Users\Alice Doe\AppData\Local\Packages\Microsoft.MicrosoftEdge_8wekyb3d8bbwe\AC\Temp\~DF7786CB3CD4AAF1F2.TMP,DA39A3EE5E6B4B0D3255BFEF95601890AFD80709,Deduped
C:\Users\Alice Doe\AppData\Local\Packages\Microsoft.MicrosoftEdge_8wekyb3d8bbwe\AC\Temp\~DF85A4C15C694D2F99.TMP,897256B6709E1A4DA9DABA92B6BDE39CCFCCD8C1,Deduped
C:\Users\Alice Doe\AppData\Local\Packages\Microsoft.MicrosoftEdge_8wekyb3d8bbwe\AC\Temp\~DFB78707005732DA86.TMP,DA39A3EE5E6B4B0D3255BFEF95601890AFD80709,Deduped
C:\Users\Alice Doe\AppData\Local\Packages\Microsoft.MicrosoftEdge_8wekyb3d8bbwe\AC\Temp\~DFCF3C6F2224A96775.TMP,DA39A3EE5E6B4B0D3255BFEF95601890AFD80709,Deduped
C:\Users\Alice Doe\AppData\Local\Packages\Microsoft.MicrosoftEdge_8wekyb3d8bbwe\AC\#!121\MicrosoftEdge\MSIMGSIZ.DAT,777253141235B6C6AC92E17E297A1482E82252CC,Deduped
C:\Users\Alice Doe\AppData\Local\Packages\Microsoft.MicrosoftEdge_8wekyb3d8bbwe\AC\MicrosoftEdge\Cache\container.dat,DA39A3EE5E6B4B0D3255BFEF95601890AFD80709,Deduped
C:\Users\Alice Doe\AppData\Local\Packages\Microsoft.MicrosoftEdge_8wekyb3d8bbwe\AC\MicrosoftEdge\Cookies\container.dat,DA39A3EE5E6B4B0D3255BFEF95601890AFD80709,Deduped
C:\Users\Alice Doe\AppData\Local\Packages\Microsoft.MicrosoftEdge_8wekyb3d8bbwe\AC\MicrosoftEdge\History\container.dat,DA39A3EE5E6B4B0D3255BFEF95601890AFD80709,Deduped
C:\Users\Alice Doe\AppData\Local\Packages\Microsoft.MicrosoftEdge_8wekyb3d8bbwe\AC\MicrosoftEdge\IECompatCache\container.dat,DA39A3EE5E6B4B0D3255BFEF95601890AFD80709,Deduped
C:\Users\Alice Doe\AppData\Local\Packages\Microsoft.MicrosoftEdge_8wekyb3d8bbwe\AC\MicrosoftEdge\IECompatUaCache\container.dat,DA39A3EE5E6B4B0D3255BFEF95601890AFD80709,Deduped
C:\Users\Alice Doe\AppData\Local\Packages\Microsoft.MicrosoftEdge_8wekyb3d8bbwe\LocalState\PinnedTiles\26310719480\squaretile.png,431C1B061BD28F998CA046BF8F08FA91E1CFCE93,Deduped
C:\Users\Alice Doe\AppData\Local\Packages\Microsoft.MicrosoftEdge_8wekyb3d8bbwe\LocalState\PinnedTiles\26310719480\tinytile.png,153643EA1F34596B3D0B3E046A8CFF650ACCC442,Deduped
C:\Users\Alice Doe\AppData\Local\Packages\Microsoft.MicrosoftEdge_8wekyb3d8bbwe\AC\#!001\MicrosoftEdge\Cache\container.dat,DA39A3EE5E6B4B0D3255BFEF95601890AFD80709,Deduped
C:\Users\Alice Doe\AppData\Local\Packages\Microsoft.MicrosoftEdge_8wekyb3d8bbwe\AC\#!001\MicrosoftEdge\Cookies\container.dat,DA39A3EE5E6B4B0D3255BFEF95601890AFD80709,Deduped
C:\Users\Alice Doe\AppData\Local\Packages\Microsoft.MicrosoftEdge_8wekyb3d8bbwe\AC\#!001\MicrosoftEdge\History\container.dat,DA39A3EE5E6B4B0D3255BFEF95601890AFD80709,Deduped
C:\Users\Alice Doe\AppData\Local\Packages\Microsoft.MicrosoftEdge_8wekyb3d8bbwe\AC\#!001\MicrosoftEdge\IECompatCache\container.dat,DA39A3EE5E6B4B0D3255BFEF95601890AFD80709,Deduped
C:\Users\Alice Doe\AppData\Local\Packages\Microsoft.MicrosoftEdge_8wekyb3d8bbwe\AC\#!001\MicrosoftEdge\IECompatUaCache\container.dat,DA39A3EE5E6B4B0D3255BFEF95601890AFD80709,Deduped
C:\Users\Alice Doe\AppData\Local\Packages\Microsoft.MicrosoftEdge_8wekyb3d8bbwe\AC\#!002\MicrosoftEdge\Cache\container.dat,DA39A3EE5E6B4B0D3255BFEF95601890AFD80709,Deduped
C:\Users\Alice Doe\AppData\Local\Packages\Microsoft.MicrosoftEdge_8wekyb3d8bbwe\AC\#!002\MicrosoftEdge\Cookies\container.dat,DA39A3EE5E6B4B0D3255BFEF95601890AFD80709,Deduped
C:\Users\Alice Doe\AppData\Local\Packages\Microsoft.MicrosoftEdge_8wekyb3d8bbwe\AC\#!002\MicrosoftEdge\History\container.dat,DA39A3EE5E6B4B0D3255BFEF95601890AFD80709,Deduped
C:\Users\Alice Doe\AppData\Local\Packages\Microsoft.MicrosoftEdge_8wekyb3d8bbwe\AC\#!002\MicrosoftEdge\IECompatCache\container.dat,DA39A3EE5E6B4B0D3255BFEF95601890AFD80709,Deduped
C:\Users\Alice Doe\AppData\Local\Packages\Microsoft.MicrosoftEdge_8wekyb3d8bbwe\AC\#!002\MicrosoftEdge\IECompatUaCache\container.dat,DA39A3EE5E6B4B0D3255BFEF95601890AFD80709,Deduped
C:\Users\Alice Doe\AppData\Local\Packages\Microsoft.MicrosoftEdge_8wekyb3d8bbwe\AC\#!006\MicrosoftEdge\Cache\container.dat,DA39A3EE5E6B4B0D3255BFEF95601890AFD80709,Deduped
C:\Users\Alice Doe\AppData\Local\Packages\Microsoft.MicrosoftEdge_8wekyb3d8bbwe\AC\#!006\MicrosoftEdge\Cookies\container.dat,DA39A3EE5E6B4B0D3255BFEF95601890AFD80709,Deduped
C:\Users\Alice Doe\AppData\Local\Packages\Microsoft.MicrosoftEdge_8wekyb3d8bbwe\AC\#!006\MicrosoftEdge\History\container.dat,DA39A3EE5E6B4B0D3255BFEF95601890AFD80709,Deduped
C:\Users\Alice Doe\AppData\Local\Packages\Microsoft.MicrosoftEdge_8wekyb3d8bbwe\AC\#!121\MicrosoftEdge\Cache\container.dat,DA39A3EE5E6B4B0D3255BFEF95601890AFD80709,Deduped
C:\Users\Alice Doe\AppData\Local\Packages\Microsoft.MicrosoftEdge_8wekyb3d8bbwe\AC\#!121\MicrosoftEdge\Cookies\container.dat,DA39A3EE5E6B4B0D3255BFEF95601890AFD80709,Deduped
C:\Users\Alice Doe\AppData\Local\Packages\Microsoft.MicrosoftEdge_8wekyb3d8bbwe\AC\#!121\MicrosoftEdge\History\container.dat,DA39A3EE5E6B4B0D3255BFEF95601890AFD80709,Deduped
C:\Users\Alice Doe\AppData\Local\Packages\Microsoft.MicrosoftEdge_8wekyb3d8bbwe\AC\#!121\MicrosoftEdge\IECompatCache\container.dat,DA39A3EE5E6B4B0D3255BFEF95601890AFD80709,Deduped
C:\Users\Alice Doe\AppData\Local\Packages\Microsoft.MicrosoftEdge_8wekyb3d8bbwe\AC\#!121\MicrosoftEdge\IECompatUaCache\container.dat,DA39A3EE5E6B4B0D3255BFEF95601890AFD80709,Deduped
C:\Users\Alice Doe\AppData\Local\Packages\Microsoft.MicrosoftEdge_8wekyb3d8bbwe\AC\Microsoft\CryptnetUrlCache\Content\57C8EDB95DF3F0AD4EE2DC2B8CFD4157,DA39A3EE5E6B4B0D3255BFEF95601890AFD80709,Deduped
C:\Users\Alice Doe\AppData\Local\Packages\Microsoft.MicrosoftEdge_8wekyb3d8bbwe\AC\Microsoft\CryptnetUrlCache\Content\77EC63BDA74BD0D0E0426DC8F8008506,DA39A3EE5E6B4B0D3255BFEF95601890AFD80709,Deduped
C:\Users\Alice Doe\AppData\Local\Packages\Microsoft.MicrosoftEdge_8wekyb3d8bbwe\AC\Microsoft\CryptnetUrlCache\Content\FB0D848F74F70BB2EAA93746D24D9749,DA39A3EE5E6B4B0D3255BFEF95601890AFD80709,Deduped
C:\Users\Alice Doe\AppData\Local\Packages\Microsoft.MicrosoftEdge_8wekyb3d8bbwe\AppData\User\Default\Indexed DB\edbres00001.jrs,6A521E1D2A632C26E53B83D2CC4B0EDECFC1E68C,Deduped
C:\Users\Alice Doe\AppData\Local\Packages\Microsoft.MicrosoftEdge_8wekyb3d8bbwe\AppData\User\Default\Indexed DB\edbres00002.jrs,6A521E1D2A632C26E53B83D2CC4B0EDECFC1E68C,Deduped
C:\Users\Alice Doe\AppData\Local\Packages\Microsoft.MicrosoftEdge_8wekyb3d8bbwe\AC\#!001\Microsoft\CryptnetUrlCache\Content\57C8EDB95DF3F0AD4EE2DC2B8CFD4157,DA39A3EE5E6B4B0D3255BFEF95601890AFD80709,Deduped
C:\Users\Alice Doe\AppData\Local\Packages\Microsoft.MicrosoftEdge_8wekyb3d8bbwe\AC\#!001\Microsoft\CryptnetUrlCache\Content\6BADA8974A10C4BD62CC921D13E43B18_74167E25E5476CCA2A5946AAA61BF9E1,68488978E9A0186EB75DECF7EEAB78DE2381519D,Deduped
C:\Users\Alice Doe\AppData\Local\Packages\Microsoft.MicrosoftEdge_8wekyb3d8bbwe\AC\#!001\Microsoft\CryptnetUrlCache\Content\6BADA8974A10C4BD62CC921D13E43B18_88614FFAD35D353421B8A7E1FE18FCE4,67147F910D2F30DA26005231C2FDADAC482363B9,Deduped
C:\Users\Alice Doe\AppData\Local\Packages\Microsoft.MicrosoftEdge_8wekyb3d8bbwe\AC\#!001\Microsoft\CryptnetUrlCache\Content\6BADA8974A10C4BD62CC921D13E43B18_BEB37ABADF39714871232B4792417E04,CF870D02060A4224E722C0CB6F29C574B5A4C85A,Deduped
C:\Users\Alice Doe\AppData\Local\Packages\Microsoft.MicrosoftEdge_8wekyb3d8bbwe\AC\#!001\Microsoft\CryptnetUrlCache\Content\6BADA8974A10C4BD62CC921D13E43B18_C9FB72B5AE80778A08024D8B0FDECC6F,5433004A6895B765F850163953724886FA41D1DA,Deduped
C:\Users\Alice Doe\AppData\Local\Packages\Microsoft.MicrosoftEdge_8wekyb3d8bbwe\AC\#!001\Microsoft\CryptnetUrlCache\Content\77EC63BDA74BD0D0E0426DC8F8008506,DA39A3EE5E6B4B0D3255BFEF95601890AFD80709,Deduped
C:\Users\Alice Doe\AppData\Local\Packages\Microsoft.MicrosoftEdge_8wekyb3d8bbwe\AC\#!001\Microsoft\CryptnetUrlCache\Content\B398B80134F72209547439DB21AB308D_9487BC0D4381A7CDEB9A8CC43F66D27C,1823D0D2DD9EBE56F5A1F30C973D4D4EEA39DC2F,Deduped
C:\Users\Alice Doe\AppData\Local\Packages\Microsoft.MicrosoftEdge_8wekyb3d8bbwe\AC\#!001\Microsoft\CryptnetUrlCache\Content\CC197601BE0898B7B0FCC91FA15D8A69_D79A3DD6590D053E5CEDBD288389833A,E4EF124321EF6F5B424F2FF61260D2202B3D2BC4,Deduped
C:\Users\Alice Doe\AppData\Local\Packages\Microsoft.MicrosoftEdge_8wekyb3d8bbwe\AC\#!001\Microsoft\CryptnetUrlCache\Content\CFE86DBBE02D859DC92F1E17E0574EE8_46766FC45507C0B9E264E4C18BC7288B,FA66C5898F1359C7A0FA4B36CA5292E12E0A12E2,Deduped
C:\Users\Alice Doe\AppData\Local\Packages\Microsoft.MicrosoftEdge_8wekyb3d8bbwe\AC\#!001\Microsoft\CryptnetUrlCache\Content\E49827401028F7A0F97B5576C77A26CB_7CE95D8DCA26FE957E7BD7D76F353B08,F71E2C741C6399BBDFDD29E3294BFCA186FED14C,Deduped
C:\Users\Alice Doe\AppData\Local\Packages\Microsoft.MicrosoftEdge_8wekyb3d8bbwe\AC\#!001\Microsoft\CryptnetUrlCache\Content\FB0D848F74F70BB2EAA93746D24D9749,DA39A3EE5E6B4B0D3255BFEF95601890AFD80709,Deduped
C:\Users\Alice Doe\AppData\Local\Packages\Microsoft.MicrosoftEdge_8wekyb3d8bbwe\AC\#!002\Microsoft\CryptnetUrlCache\Content\07CEF2F654E3ED6050FFC9B6EB844250_BACC6CD2B29F18349081C9FD2343833B,983FC5133E6C5034B66B437F205E7742F21CB5E6,Deduped
C:\Users\Alice Doe\AppData\Local\Packages\Microsoft.MicrosoftEdge_8wekyb3d8bbwe\AC\#!002\Microsoft\CryptnetUrlCache\Content\1BB09BEEC155258835C193A7AA85AA5B_D64D9286B9E13D1E44123DEB4848F19D,FC477C819EAF49B5BB3462E30E3B0CF876C72019,Deduped
C:\Users\Alice Doe\AppData\Local\Packages\Microsoft.MicrosoftEdge_8wekyb3d8bbwe\AC\#!002\Microsoft\CryptnetUrlCache\Content\1E11E75149C17A93653DA7DC0B8CF53F_0AF59598617C447BBB4B73951D6C0A65,70EF58C281EF0CA4D5015EB31EBA106DF6092385,Deduped
C:\Users\Alice Doe\AppData\Local\Packages\Microsoft.MicrosoftEdge_8wekyb3d8bbwe\AC\#!002\Microsoft\CryptnetUrlCache\Content\1E11E75149C17A93653DA7DC0B8CF53F_2D8C784E2DDA7E16C9F47A43A58EDC4A,C290452A5311F70DDD608DA4390702B3EE4F04FE,Deduped
C:\Users\Alice Doe\AppData\Local\Packages\Microsoft.MicrosoftEdge_8wekyb3d8bbwe\AC\#!002\Microsoft\CryptnetUrlCache\Content\1E11E75149C17A93653DA7DC0B8CF53F_414964360ACF86CF7AFB286B4814D74B,045CE05C5D74D1B979E86BE0C743028D884D1113,Deduped
C:\Users\Alice Doe\AppData\Local\Packages\Microsoft.MicrosoftEdge_8wekyb3d8bbwe\AC\#!002\Microsoft\CryptnetUrlCache\Content\223DE96EE265046957A660ED7C9DD9E7_EFF9B9BA98DEAA773F261FA85A0B1771,2428502B92E7FD79E0722F4A0C2EEBB6319B7AEC,Deduped
C:\Users\Alice Doe\AppData\Local\Packages\Microsoft.MicrosoftEdge_8wekyb3d8bbwe\AC\#!002\Microsoft\CryptnetUrlCache\Content\484AE34DE480ACEC63C99B22BDBAE251,7C0F9A8FF7333F07214EFE1E718E931579C36EEF,Deduped
C:\Users\Alice Doe\AppData\Local\Packages\Microsoft.MicrosoftEdge_8wekyb3d8bbwe\AC\#!002\Microsoft\CryptnetUrlCache\Content\5080DC7A65DB6A5960ECD874088F3328_6CBA2C06D5985DD95AE59AF8FC7C6220,9AD9A6447312329B55A223A6908AA7CD57F6B70E,Deduped
C:\Users\Alice Doe\AppData\Local\Packages\Microsoft.MicrosoftEdge_8wekyb3d8bbwe\AC\#!002\Microsoft\CryptnetUrlCache\Content\57C8EDB95DF3F0AD4EE2DC2B8CFD4157,DA39A3EE5E6B4B0D3255BFEF95601890AFD80709,Deduped
C:\Users\Alice Doe\AppData\Local\Packages\Microsoft.MicrosoftEdge_8wekyb3d8bbwe\AC\#!002\Microsoft\CryptnetUrlCache\Content\68FAF71AF355126BCA00CE2E73CC7374_A88E46230AD93776AD6952BFE1EC0FFF,20E1D33476B50267BDEBB02FF457045040BD1F67,Deduped
C:\Users\Alice Doe\AppData\Local\Packages\Microsoft.MicrosoftEdge_8wekyb3d8bbwe\AC\#!002\Microsoft\CryptnetUrlCache\Content\6BADA8974A10C4BD62CC921D13E43B18_D9817BD5013875AD517DA73475345203,6171C924F97460684D0BE660582F03F5C5E689DF,Deduped
C:\Users\Alice Doe\AppData\Local\Packages\Microsoft.MicrosoftEdge_8wekyb3d8bbwe\AC\#!002\Microsoft\CryptnetUrlCache\Content\72BA427A91F50409B9EAC87F2B59B951_371B513A2A21F8B87ED97EFED9CB8A2A,0A9C9486FCF851BFE32358FE0DEF7EA38B691D00,Deduped
C:\Users\Alice Doe\AppData\Local\Packages\Microsoft.MicrosoftEdge_8wekyb3d8bbwe\AC\#!002\Microsoft\CryptnetUrlCache\Content\75CA58072B9926F763A91F0CC2798706_93E4B2BA79A897B3100CCB27F2D3BF4F,C88AC51C4E29C0FE81C8E8AD17DA37684E9973F9,Deduped
C:\Users\Alice Doe\AppData\Local\Packages\Microsoft.MicrosoftEdge_8wekyb3d8bbwe\AC\#!002\Microsoft\CryptnetUrlCache\Content\8292DB15ACB7A3FB6CCE0ABFBA07E119,772B6CD00D7091AC74660C94AC4C1ADA33446A8D,Deduped
C:\Users\Alice Doe\AppData\Local\Packages\Microsoft.MicrosoftEdge_8wekyb3d8bbwe\AC\#!002\Microsoft\CryptnetUrlCache\Content\AF3BA1CDD96BBC740C9CE3754F348BED_5B6370DF650E34D87F569B14932A144C,EEF33A81B4B1CFA3C8FB0D2F09266AB257031B30,Deduped
C:\Users\Alice Doe\AppData\Local\Packages\Microsoft.MicrosoftEdge_8wekyb3d8bbwe\AC\#!002\Microsoft\CryptnetUrlCache\Content\B1F2AA9FC910C1BE48D88366D92ECAB2,1E99C77FF7EC9FDA7B8948DBB8F8D9372D733B10,Deduped
C:\Users\Alice Doe\AppData\Local\Packages\Microsoft.MicrosoftEdge_8wekyb3d8bbwe\AC\#!002\Microsoft\CryptnetUrlCache\Content\B2FAF7692FD9FFBD64EDE317E42334BA_D7393C8F62BDE4D4CB606228BC7A711E,45D82E256FFA98B3B0B4262F0D440656D0F7C3B5,Deduped
C:\Users\Alice Doe\AppData\Local\Packages\Microsoft.MicrosoftEdge_8wekyb3d8bbwe\AC\#!002\Microsoft\CryptnetUrlCache\Content\B398B80134F72209547439DB21AB308D_592839A8569F831D0F2306AE4BB5C24B,ABC7DEAC2C8760718E38C0E302402919BEDA5E2A,Deduped
C:\Users\Alice Doe\AppData\Local\Packages\Microsoft.MicrosoftEdge_8wekyb3d8bbwe\AC\#!002\Microsoft\CryptnetUrlCache\Content\B398B80134F72209547439DB21AB308D_CCF564BE5A3C924B17DDEBDEB5236E12,458B2013286F3E134752003C09A60374F38BF9A1,Deduped
C:\Users\Alice Doe\AppData\Local\Packages\Microsoft.MicrosoftEdge_8wekyb3d8bbwe\AC\#!002\Microsoft\CryptnetUrlCache\Content\B66240B0F6C84BD4857ABA60CF5CE4A0_5043E0F5DF723415C9EECC201C838A62,88BD5E2844F96E93E8DE05317CC689123B9EF932,Deduped
C:\Users\Alice Doe\AppData\Local\Packages\Microsoft.MicrosoftEdge_8wekyb3d8bbwe\AC\#!002\Microsoft\CryptnetUrlCache\Content\B6FBD67A558D112A2255C149B48797FF,FEB7D338817FFE75469D2D051D608C91696E643E,Deduped
C:\Users\Alice Doe\AppData\Local\Packages\Microsoft.MicrosoftEdge_8wekyb3d8bbwe\AC\#!002\Microsoft\CryptnetUrlCache\Content\BAD725C80F9E10846F35D039A996E4A8_88B6AE015495C1ECC395D19C1DD02894,7ACA2B5D94A33599BFC9048019CD062DA69696EA,Deduped
C:\Users\Alice Doe\AppData\Local\Packages\Microsoft.MicrosoftEdge_8wekyb3d8bbwe\AC\#!002\Microsoft\CryptnetUrlCache\Content\C437972632A488222EA069E1572887C7_CB47AC91B566BFFD2D4D6367E644ECFF,D4C8E34D667577B3CE4B4D8270197D08E5862EBC,Deduped
C:\Users\Alice Doe\AppData\Local\Packages\Microsoft.MicrosoftEdge_8wekyb3d8bbwe\AC\#!002\Microsoft\CryptnetUrlCache\Content\C70BFA2D9DC40914ACED8BBED973B1E3_0AAC2086786434F6533EB54D1FBF050C,9F07E94DDAC6FBF9E9D50A2E0D66954DB8AE4F37,Deduped
C:\Users\Alice Doe\AppData\Local\Packages\Microsoft.MicrosoftEdge_8wekyb3d8bbwe\AC\#!002\Microsoft\CryptnetUrlCache\Content\CC197601BE0898B7B0FCC91FA15D8A69_361E3A337474CF5AAD1F109F55F06A02,5BA84988DCE9E3B1DB9A59667C0E4D814EB66225,Deduped
C:\Users\Alice Doe\AppData\Local\Packages\Microsoft.MicrosoftEdge_8wekyb3d8bbwe\AC\#!002\Microsoft\CryptnetUrlCache\Content\CFE86DBBE02D859DC92F1E17E0574EE8_46766FC45507C0B9E264E4C18BC7288B,FA66C5898F1359C7A0FA4B36CA5292E12E0A12E2,Deduped
C:\Users\Alice Doe\AppData\Local\Packages\Microsoft.MicrosoftEdge_8wekyb3d8bbwe\AC\#!002\Microsoft\CryptnetUrlCache\Content\D388BEBC625C181AB8B0CA40E7181396_5701F457C4E7A7E601F580C8B8673C55,A7B1A3CC615574B04B6EEBB78F674E722663D04A,Deduped
C:\Users\Alice Doe\AppData\Local\Packages\Microsoft.MicrosoftEdge_8wekyb3d8bbwe\AC\#!002\Microsoft\CryptnetUrlCache\Content\E49827401028F7A0F97B5576C77A26CB_7CE95D8DCA26FE957E7BD7D76F353B08,F71E2C741C6399BBDFDD29E3294BFCA186FED14C,Deduped
C:\Users\Alice Doe\AppData\Local\Packages\Microsoft.MicrosoftEdge_8wekyb3d8bbwe\AC\#!002\Microsoft\CryptnetUrlCache\Content\FB0D848F74F70BB2EAA93746D24D9749,DA39A3EE5E6B4B0D3255BFEF95601890AFD80709,Deduped
C:\Users\Alice Doe\AppData\Local\Packages\Microsoft.MicrosoftEdge_8wekyb3d8bbwe\AC\#!002\Microsoft\CryptnetUrlCache\Content\FC5A820A001B41D68902E051F36A5282_67D8237DA32498ABB6C64C1EEDDD5D29,DF7038CB818150BC546F8B56A7990078D380ABDA,Deduped
C:\Users\Alice Doe\AppData\Local\Packages\Microsoft.MicrosoftEdge_8wekyb3d8bbwe\AC\#!002\Microsoft\CryptnetUrlCache\Content\FC5A820A001B41D68902E051F36A5282_B6947F8D5ACF9504E467A5316C09715D,7AE286C8238E230BAC06EEDA9D8FD9580695D8B6,Deduped
C:\Users\Alice Doe\AppData\Local\Packages\Microsoft.MicrosoftEdge_8wekyb3d8bbwe\AC\MicrosoftEdge\User\Default\AppCache\container.dat,DA39A3EE5E6B4B0D3255BFEF95601890AFD80709,Deduped
C:\Users\Alice Doe\AppData\Local\Packages\Microsoft.MicrosoftEdge_8wekyb3d8bbwe\AC\MicrosoftEdge\User\Default\DNTException\container.dat,DA39A3EE5E6B4B0D3255BFEF95601890AFD80709,Deduped
C:\Users\Alice Doe\AppData\Local\Packages\Microsoft.MicrosoftEdge_8wekyb3d8bbwe\AC\MicrosoftEdge\User\Default\DownloadHistory\container.dat,DA39A3EE5E6B4B0D3255BFEF95601890AFD80709,Deduped
C:\Users\Alice Doe\AppData\Local\Packages\Microsoft.MicrosoftEdge_8wekyb3d8bbwe\AC\MicrosoftEdge\User\Default\EmieSiteList\container.dat,DA39A3EE5E6B4B0D3255BFEF95601890AFD80709,Deduped
C:\Users\Alice Doe\AppData\Local\Packages\Microsoft.MicrosoftEdge_8wekyb3d8bbwe\AC\MicrosoftEdge\User\Default\EmieUserList\container.dat,DA39A3EE5E6B4B0D3255BFEF95601890AFD80709,Deduped
C:\Users\Alice Doe\AppData\Local\Packages\Microsoft.MicrosoftEdge_8wekyb3d8bbwe\AC\#!001\MicrosoftEdge\User\Default\AppCache\container.dat,DA39A3EE5E6B4B0D3255BFEF95601890AFD80709,Deduped
C:\Users\Alice Doe\AppData\Local\Packages\Microsoft.MicrosoftEdge_8wekyb3d8bbwe\AC\#!001\MicrosoftEdge\User\Default\DOMStore\container.dat,DA39A3EE5E6B4B0D3255BFEF95601890AFD80709,Deduped
C:\Users\Alice Doe\AppData\Local\Packages\Microsoft.MicrosoftEdge_8wekyb3d8bbwe\AC\#!001\MicrosoftEdge\User\Default\EmieSiteList\container.dat,DA39A3EE5E6B4B0D3255BFEF95601890AFD80709,Deduped
C:\Users\Alice Doe\AppData\Local\Packages\Microsoft.MicrosoftEdge_8wekyb3d8bbwe\AC\#!001\MicrosoftEdge\User\Default\EmieUserList\container.dat,DA39A3EE5E6B4B0D3255BFEF95601890AFD80709,Deduped
C:\Users\Alice Doe\AppData\Local\Packages\Microsoft.MicrosoftEdge_8wekyb3d8bbwe\AC\#!002\MicrosoftEdge\User\Default\AppCache\container.dat,DA39A3EE5E6B4B0D3255BFEF95601890AFD80709,Deduped
C:\Users\Alice Doe\AppData\Local\Packages\Microsoft.MicrosoftEdge_8wekyb3d8bbwe\AC\#!002\MicrosoftEdge\User\Default\DOMStore\container.dat,DA39A3EE5E6B4B0D3255BFEF95601890AFD80709,Deduped
C:\Users\Alice Doe\AppData\Local\Packages\Microsoft.MicrosoftEdge_8wekyb3d8bbwe\AC\#!002\MicrosoftEdge\User\Default\EmieSiteList\container.dat,DA39A3EE5E6B4B0D3255BFEF95601890AFD80709,Deduped
C:\Users\Alice Doe\AppData\Local\Packages\Microsoft.MicrosoftEdge_8wekyb3d8bbwe\AC\#!002\MicrosoftEdge\User\Default\EmieUserList\container.dat,DA39A3EE5E6B4B0D3255BFEF95601890AFD80709,Deduped
C:\Users\Alice Doe\AppData\Local\Packages\Microsoft.MicrosoftEdge_8wekyb3d8bbwe\AC\#!006\MicrosoftEdge\User\Default\AppCache\container.dat,DA39A3EE5E6B4B0D3255BFEF95601890AFD80709,Deduped
C:\Users\Alice Doe\AppData\Local\Packages\Microsoft.MicrosoftEdge_8wekyb3d8bbwe\AC\#!121\MicrosoftEdge\User\Default\AppCache\container.dat,DA39A3EE5E6B4B0D3255BFEF95601890AFD80709,Deduped
C:\Users\Alice Doe\AppData\Local\Packages\Microsoft.MicrosoftEdge_8wekyb3d8bbwe\AC\#!121\MicrosoftEdge\User\Default\DOMStore\container.dat,DA39A3EE5E6B4B0D3255BFEF95601890AFD80709,Deduped
C:\Users\Alice Doe\AppData\Local\Packages\Microsoft.MicrosoftEdge_8wekyb3d8bbwe\AC\#!121\MicrosoftEdge\User\Default\EmieSiteList\container.dat,DA39A3EE5E6B4B0D3255BFEF95601890AFD80709,Deduped
C:\Users\Alice Doe\AppData\Local\Packages\Microsoft.MicrosoftEdge_8wekyb3d8bbwe\AC\#!121\MicrosoftEdge\User\Default\EmieUserList\container.dat,DA39A3EE5E6B4B0D3255BFEF95601890AFD80709,Deduped
C:\Users\Alice Doe\AppData\Local\Packages\Microsoft.MicrosoftEdge_8wekyb3d8bbwe\AC\MicrosoftEdge\User\Default\AppCache\566G7JIN\container.dat,DA39A3EE5E6B4B0D3255BFEF95601890AFD80709,Deduped
C:\Users\Alice Doe\AppData\Local\Packages\Microsoft.MicrosoftEdge_8wekyb3d8bbwe\AC\#!001\MicrosoftEdge\User\Default\AppCache\70WBC81M\container.dat,DA39A3EE5E6B4B0D3255BFEF95601890AFD80709,Deduped
C:\Users\Alice Doe\AppData\Local\Packages\Microsoft.MicrosoftEdge_8wekyb3d8bbwe\AC\#!001\MicrosoftEdge\User\Default\DOMStore\7Y8T6QWG\c1.adform[1].xml,35E3224FCBD3E1AF306F2B6A2C6BBEA9B0867966,Deduped
C:\Users\Alice Doe\AppData\Local\Packages\Microsoft.MicrosoftEdge_8wekyb3d8bbwe\AC\#!001\MicrosoftEdge\User\Default\DOMStore\7Y8T6QWG\px.powerlinks[1].xml,35E3224FCBD3E1AF306F2B6A2C6BBEA9B0867966,Deduped
C:\Users\Alice Doe\AppData\Local\Packages\Microsoft.MicrosoftEdge_8wekyb3d8bbwe\AC\#!001\MicrosoftEdge\User\Default\DOMStore\7Y8T6QWG\qds0l.publishers.tremorhub[1].xml,35E3224FCBD3E1AF306F2B6A2C6BBEA9B0867966,Deduped
C:\Users\Alice Doe\AppData\Local\Packages\Microsoft.MicrosoftEdge_8wekyb3d8bbwe\AC\#!001\MicrosoftEdge\User\Default\DOMStore\7Y8T6QWG\stags.bluekai[1].xml,35E3224FCBD3E1AF306F2B6A2C6BBEA9B0867966,Deduped
C:\Users\Alice Doe\AppData\Local\Packages\Microsoft.MicrosoftEdge_8wekyb3d8bbwe\AC\#!001\MicrosoftEdge\User\Default\DOMStore\7Y8T6QWG\tpc.googlesyndication[1].xml,35E3224FCBD3E1AF306F2B6A2C6BBEA9B0867966,Deduped
C:\Users\Alice Doe\AppData\Local\Packages\Microsoft.MicrosoftEdge_8wekyb3d8bbwe\AC\#!001\MicrosoftEdge\User\Default\DOMStore\7Y8T6QWG\us-u.openx[1].xml,35E3224FCBD3E1AF306F2B6A2C6BBEA9B0867966,Deduped
C:\Users\Alice Doe\AppData\Local\Packages\Microsoft.MicrosoftEdge_8wekyb3d8bbwe\AC\#!001\MicrosoftEdge\User\Default\DOMStore\81UDNV8B\acuityplatform[1].xml,35E3224FCBD3E1AF306F2B6A2C6BBEA9B0867966,Deduped
C:\Users\Alice Doe\AppData\Local\Packages\Microsoft.MicrosoftEdge_8wekyb3d8bbwe\AC\#!001\MicrosoftEdge\User\Default\DOMStore\81UDNV8B\ads.pubmatic[1].xml,35E3224FCBD3E1AF306F2B6A2C6BBEA9B0867966,Deduped
C:\Users\Alice Doe\AppData\Local\Packages\Microsoft.MicrosoftEdge_8wekyb3d8bbwe\AC\#!001\MicrosoftEdge\User\Default\DOMStore\81UDNV8B\bcp.crwdcntrl[1].xml,35E3224FCBD3E1AF306F2B6A2C6BBEA9B0867966,Deduped
C:\Users\Alice Doe\AppData\Local\Packages\Microsoft.MicrosoftEdge_8wekyb3d8bbwe\AC\#!001\MicrosoftEdge\User\Default\DOMStore\81UDNV8B\googleads.g.doubleclick[1].xml,35E3224FCBD3E1AF306F2B6A2C6BBEA9B0867966,Deduped
C:\Users\Alice Doe\AppData\Local\Packages\Microsoft.MicrosoftEdge_8wekyb3d8bbwe\AC\#!001\MicrosoftEdge\User\Default\DOMStore\81UDNV8B\pixel.33across[1].xml,35E3224FCBD3E1AF306F2B6A2C6BBEA9B0867966,Deduped
C:\Users\Alice Doe\AppData\Local\Packages\Microsoft.MicrosoftEdge_8wekyb3d8bbwe\AC\#!001\MicrosoftEdge\User\Default\DOMStore\81UDNV8B\ssum-sec.casalemedia[1].xml,35E3224FCBD3E1AF306F2B6A2C6BBEA9B0867966,Deduped
C:\Users\Alice Doe\AppData\Local\Packages\Microsoft.MicrosoftEdge_8wekyb3d8bbwe\AC\#!001\MicrosoftEdge\User\Default\DOMStore\81UDNV8B\static.quantcast.mgr.consensu[1].xml,35E3224FCBD3E1AF306F2B6A2C6BBEA9B0867966,Deduped
C:\Users\Alice Doe\AppData\Local\Packages\Microsoft.MicrosoftEdge_8wekyb3d8bbwe\AC\#!001\MicrosoftEdge\User\Default\DOMStore\81UDNV8B\ups.analytics.yahoo[1].xml,35E3224FCBD3E1AF306F2B6A2C6BBEA9B0867966,Deduped
C:\Users\Alice Doe\AppData\Local\Packages\Microsoft.MicrosoftEdge_8wekyb3d8bbwe\AC\#!001\MicrosoftEdge\User\Default\DOMStore\K97012RH\ap.lijit[1].xml,35E3224FCBD3E1AF306F2B6A2C6BBEA9B0867966,Deduped
C:\Users\Alice Doe\AppData\Local\Packages\Microsoft.MicrosoftEdge_8wekyb3d8bbwe\AC\#!001\MicrosoftEdge\User\Default\DOMStore\K97012RH\docs.microsoft[1].xml,35E3224FCBD3E1AF306F2B6A2C6BBEA9B0867966,Deduped
C:\Users\Alice Doe\AppData\Local\Packages\Microsoft.MicrosoftEdge_8wekyb3d8bbwe\AC\#!001\MicrosoftEdge\User\Default\DOMStore\K97012RH\mscom.demdex[1].xml,35E3224FCBD3E1AF306F2B6A2C6BBEA9B0867966,Deduped
C:\Users\Alice Doe\AppData\Local\Packages\Microsoft.MicrosoftEdge_8wekyb3d8bbwe\AC\#!001\MicrosoftEdge\User\Default\DOMStore\K97012RH\pagead2.googlesyndication[1].xml,35E3224FCBD3E1AF306F2B6A2C6BBEA9B0867966,Deduped
C:\Users\Alice Doe\AppData\Local\Packages\Microsoft.MicrosoftEdge_8wekyb3d8bbwe\AC\#!001\MicrosoftEdge\User\Default\DOMStore\K97012RH\pixel.servebom[1].xml,35E3224FCBD3E1AF306F2B6A2C6BBEA9B0867966,Deduped
C:\Users\Alice Doe\AppData\Local\Packages\Microsoft.MicrosoftEdge_8wekyb3d8bbwe\AC\#!001\MicrosoftEdge\User\Default\DOMStore\K97012RH\purch-match.dotomi[1].xml,35E3224FCBD3E1AF306F2B6A2C6BBEA9B0867966,Deduped
C:\Users\Alice Doe\AppData\Local\Packages\Microsoft.MicrosoftEdge_8wekyb3d8bbwe\AC\#!001\MicrosoftEdge\User\Default\DOMStore\K97012RH\secure-assets.rubiconproject[1].xml,35E3224FCBD3E1AF306F2B6A2C6BBEA9B0867966,Deduped
C:\Users\Alice Doe\AppData\Local\Packages\Microsoft.MicrosoftEdge_8wekyb3d8bbwe\AC\#!001\MicrosoftEdge\User\Default\DOMStore\K97012RH\sync.mathtag[1].xml,35E3224FCBD3E1AF306F2B6A2C6BBEA9B0867966,Deduped
C:\Users\Alice Doe\AppData\Local\Packages\Microsoft.MicrosoftEdge_8wekyb3d8bbwe\AC\#!001\MicrosoftEdge\User\Default\DOMStore\K97012RH\vars.hotjar[1].xml,35E3224FCBD3E1AF306F2B6A2C6BBEA9B0867966,Deduped
C:\Users\Alice Doe\AppData\Local\Packages\Microsoft.MicrosoftEdge_8wekyb3d8bbwe\AC\#!001\MicrosoftEdge\User\Default\DOMStore\K97012RH\www.bing[1].xml,35E3224FCBD3E1AF306F2B6A2C6BBEA9B0867966,Deduped
C:\Users\Alice Doe\AppData\Local\Packages\Microsoft.MicrosoftEdge_8wekyb3d8bbwe\AC\#!001\MicrosoftEdge\User\Default\DOMStore\YIXZ616E\bh.contextweb[1].xml,35E3224FCBD3E1AF306F2B6A2C6BBEA9B0867966,Deduped
C:\Users\Alice Doe\AppData\Local\Packages\Microsoft.MicrosoftEdge_8wekyb3d8bbwe\AC\#!001\MicrosoftEdge\User\Default\DOMStore\YIXZ616E\dsp.adfarm1.adition[1].xml,35E3224FCBD3E1AF306F2B6A2C6BBEA9B0867966,Deduped
C:\Users\Alice Doe\AppData\Local\Packages\Microsoft.MicrosoftEdge_8wekyb3d8bbwe\AC\#!001\MicrosoftEdge\User\Default\DOMStore\YIXZ616E\eb2.3lift[1].xml,35E3224FCBD3E1AF306F2B6A2C6BBEA9B0867966,Deduped
C:\Users\Alice Doe\AppData\Local\Packages\Microsoft.MicrosoftEdge_8wekyb3d8bbwe\AC\#!001\MicrosoftEdge\User\Default\DOMStore\YIXZ616E\login.live[1].xml,35E3224FCBD3E1AF306F2B6A2C6BBEA9B0867966,Deduped
C:\Users\Alice Doe\AppData\Local\Packages\Microsoft.MicrosoftEdge_8wekyb3d8bbwe\AC\#!001\MicrosoftEdge\User\Default\DOMStore\YIXZ616E\login.microsoftonline[1].xml,35E3224FCBD3E1AF306F2B6A2C6BBEA9B0867966,Deduped
C:\Users\Alice Doe\AppData\Local\Packages\Microsoft.MicrosoftEdge_8wekyb3d8bbwe\AC\#!001\MicrosoftEdge\User\Default\DOMStore\YIXZ616E\lpcdn.lpsnmedia[1].xml,35E3224FCBD3E1AF306F2B6A2C6BBEA9B0867966,Deduped
C:\Users\Alice Doe\AppData\Local\Packages\Microsoft.MicrosoftEdge_8wekyb3d8bbwe\AC\#!001\MicrosoftEdge\User\Default\DOMStore\YIXZ616E\microsoft[1].xml,35E3224FCBD3E1AF306F2B6A2C6BBEA9B0867966,Deduped
C:\Users\Alice Doe\AppData\Local\Packages\Microsoft.MicrosoftEdge_8wekyb3d8bbwe\AC\#!001\MicrosoftEdge\User\Default\DOMStore\YIXZ616E\pixel.advertising[1].xml,35E3224FCBD3E1AF306F2B6A2C6BBEA9B0867966,Deduped
C:\Users\Alice Doe\AppData\Local\Packages\Microsoft.MicrosoftEdge_8wekyb3d8bbwe\AC\#!001\MicrosoftEdge\User\Default\DOMStore\YIXZ616E\s0.2mdn[1].xml,35E3224FCBD3E1AF306F2B6A2C6BBEA9B0867966,Deduped
C:\Users\Alice Doe\AppData\Local\Packages\Microsoft.MicrosoftEdge_8wekyb3d8bbwe\AC\#!001\MicrosoftEdge\User\Default\DOMStore\YIXZ616E\transmissionbt[1].xml,35E3224FCBD3E1AF306F2B6A2C6BBEA9B0867966,Deduped
C:\Users\Alice Doe\AppData\Local\Packages\Microsoft.MicrosoftEdge_8wekyb3d8bbwe\AC\#!001\MicrosoftEdge\User\Default\DOMStore\YIXZ616E\x.bidswitch[1].xml,35E3224FCBD3E1AF306F2B6A2C6BBEA9B0867966,Deduped
C:\Users\Alice Doe\AppData\Local\Packages\Microsoft.MicrosoftEdge_8wekyb3d8bbwe\AC\#!002\MicrosoftEdge\User\Default\AppCache\JW7COKVL\container.dat,DA39A3EE5E6B4B0D3255BFEF95601890AFD80709,Deduped
C:\Users\Alice Doe\AppData\Local\Packages\Microsoft.MicrosoftEdge_8wekyb3d8bbwe\AC\#!006\MicrosoftEdge\User\Default\AppCache\I718NF17\container.dat,DA39A3EE5E6B4B0D3255BFEF95601890AFD80709,Deduped
C:\Users\Alice Doe\AppData\Local\Packages\Microsoft.MicrosoftEdge_8wekyb3d8bbwe\AC\#!121\MicrosoftEdge\User\Default\AppCache\G1432JKL\container.dat,DA39A3EE5E6B4B0D3255BFEF95601890AFD80709,Deduped
C:\Users\Alice Doe\AppData\Local\Packages\Microsoft.MicrosoftEdge_8wekyb3d8bbwe\AC\#!002\MicrosoftEdge\User\Default\AppCache\JW7COKVL\10\container.dat,DA39A3EE5E6B4B0D3255BFEF95601890AFD80709,Deduped
C:\Users\Alice Doe\AppData\Local\Packages\Microsoft.MicrosoftEdge_8wekyb3d8bbwe\AC\#!002\MicrosoftEdge\User\Default\AppCache\JW7COKVL\15\appcache[1].man,4C097792CAC5A9DC0FC310042B81853AF5B676E9,Deduped
C:\Users\Alice Doe\AppData\Local\Packages\Microsoft.MicrosoftEdge_8wekyb3d8bbwe\AC\#!002\MicrosoftEdge\User\Default\AppCache\JW7COKVL\15\container.dat,DA39A3EE5E6B4B0D3255BFEF95601890AFD80709,Deduped
C:\Users\Alice Doe\AppData\Local\Packages\Microsoft.MicrosoftEdge_8wekyb3d8bbwe\AC\#!002\MicrosoftEdge\User\Default\AppCache\JW7COKVL\16\container.dat,DA39A3EE5E6B4B0D3255BFEF95601890AFD80709,Deduped
C:\Users\Alice Doe\AppData\Local\Packages\Microsoft.MicrosoftEdge_8wekyb3d8bbwe\AC\MicrosoftEdge\User\Default\DataStore\Data\nouser1\120712-0049\DBStore\spartan.pat,DA39A3EE5E6B4B0D3255BFEF95601890AFD80709,Deduped
C:\Users\Alice Doe\AppData\Local\Packages\Microsoft.MicrosoftEdge_8wekyb3d8bbwe\AC\MicrosoftEdge\User\Default\DataStore\Data\nouser1\120712-0049\DBStore\LogFiles\edbres00001.jrs,6A521E1D2A632C26E53B83D2CC4B0EDECFC1E68C,Deduped
C:\Users\Alice Doe\AppData\Local\Packages\Microsoft.MicrosoftEdge_8wekyb3d8bbwe\AC\MicrosoftEdge\User\Default\DataStore\Data\nouser1\120712-0049\DBStore\LogFiles\edbres00002.jrs,6A521E1D2A632C26E53B83D2CC4B0EDECFC1E68C,Deduped
C:\Users\Alice Doe\AppData\Local\Packages\Microsoft.MicrosoftEdge_8wekyb3d8bbwe\AC\MicrosoftEdge\User\Default\DataStore\Data\nouser1\120712-0049\DBStore\LogFiles\edbtmp.log,6A521E1D2A632C26E53B83D2CC4B0EDECFC1E68C,Deduped
C:\Users\Administrator\AppData\Local\Microsoft\Windows\WebCache\V01res00001.jrs,6A521E1D2A632C26E53B83D2CC4B0EDECFC1E68C,Deduped
C:\Users\Administrator\AppData\Local\Microsoft\Windows\WebCache\V01res00002.jrs,6A521E1D2A632C26E53B83D2CC4B0EDECFC1E68C,Deduped
C:\Users\Administrator\AppData\Local\Microsoft\Windows\WebCache\V01tmp.log,6A521E1D2A632C26E53B83D2CC4B0EDECFC1E68C,Deduped
C:\Users\Alice Doe\AppData\Local\Microsoft\Windows\WebCache\V01res00001.jrs,6A521E1D2A632C26E53B83D2CC4B0EDECFC1E68C,Deduped
C:\Users\Alice Doe\AppData\Local\Microsoft\Windows\WebCache\V01res00002.jrs,6A521E1D2A632C26E53B83D2CC4B0EDECFC1E68C,Deduped
C:\Windows\system32\winevt\logs\Microsoft-AppV-Client%4Operational.evtx,C70BFFF0A559AF8CB76AD80A504DD55BD6CC484D,Deduped
C:\Windows\system32\winevt\logs\Microsoft-AppV-Client%4Virtual Applications.evtx,C70BFFF0A559AF8CB76AD80A504DD55BD6CC484D,Deduped
C:\Windows\system32\winevt\logs\Microsoft-User Experience Virtualization-Agent Driver%4Operational.evtx,C70BFFF0A559AF8CB76AD80A504DD55BD6CC484D,Deduped
C:\Windows\system32\winevt\logs\Microsoft-User Experience Virtualization-App Agent%4Operational.evtx,C70BFFF0A559AF8CB76AD80A504DD55BD6CC484D,Deduped
C:\Windows\system32\winevt\logs\Microsoft-User Experience Virtualization-IPC%4Operational.evtx,C70BFFF0A559AF8CB76AD80A504DD55BD6CC484D,Deduped
C:\Windows\system32\winevt\logs\Microsoft-User Experience Virtualization-SQM Uploader%4Operational.evtx,C70BFFF0A559AF8CB76AD80A504DD55BD6CC484D,Deduped
C:\Windows\system32\winevt\logs\Microsoft-Windows-All-User-Install-Agent%4Admin.evtx,C70BFFF0A559AF8CB76AD80A504DD55BD6CC484D,Deduped
C:\Windows\system32\winevt\logs\Microsoft-Windows-AllJoyn%4Operational.evtx,C70BFFF0A559AF8CB76AD80A504DD55BD6CC484D,Deduped
C:\Windows\system32\winevt\logs\Microsoft-Windows-AppHost%4Admin.evtx,C70BFFF0A559AF8CB76AD80A504DD55BD6CC484D,Deduped
C:\Windows\system32\winevt\logs\Microsoft-Windows-AppID%4Operational.evtx,C70BFFF0A559AF8CB76AD80A504DD55BD6CC484D,Deduped
C:\Windows\system32\winevt\logs\Microsoft-Windows-ApplicabilityEngine%4Operational.evtx,C70BFFF0A559AF8CB76AD80A504DD55BD6CC484D,Deduped
C:\Windows\system32\winevt\logs\Microsoft-Windows-Application Server-Applications%4Admin.evtx,C70BFFF0A559AF8CB76AD80A504DD55BD6CC484D,Deduped
C:\Windows\system32\winevt\logs\Microsoft-Windows-Application Server-Applications%4Operational.evtx,C70BFFF0A559AF8CB76AD80A504DD55BD6CC484D,Deduped
C:\Windows\system32\winevt\logs\Microsoft-Windows-AppLocker%4EXE and DLL.evtx,C70BFFF0A559AF8CB76AD80A504DD55BD6CC484D,Deduped
C:\Windows\system32\winevt\logs\Microsoft-Windows-AppLocker%4MSI and Script.evtx,C70BFFF0A559AF8CB76AD80A504DD55BD6CC484D,Deduped
C:\Windows\system32\winevt\logs\Microsoft-Windows-AppLocker%4Packaged app-Deployment.evtx,C70BFFF0A559AF8CB76AD80A504DD55BD6CC484D,Deduped
C:\Windows\system32\winevt\logs\Microsoft-Windows-AppLocker%4Packaged app-Execution.evtx,C70BFFF0A559AF8CB76AD80A504DD55BD6CC484D,Deduped
C:\Windows\system32\winevt\logs\Microsoft-Windows-AssignedAccess%4Admin.evtx,C70BFFF0A559AF8CB76AD80A504DD55BD6CC484D,Deduped
C:\Windows\system32\winevt\logs\Microsoft-Windows-AssignedAccessBroker%4Admin.evtx,C70BFFF0A559AF8CB76AD80A504DD55BD6CC484D,Deduped
C:\Windows\system32\winevt\logs\Microsoft-Windows-Audio%4CaptureMonitor.evtx,C70BFFF0A559AF8CB76AD80A504DD55BD6CC484D,Deduped
C:\Windows\system32\winevt\logs\Microsoft-Windows-Audio%4PlaybackManager.evtx,C70BFFF0A559AF8CB76AD80A504DD55BD6CC484D,Deduped
C:\Windows\system32\winevt\logs\Microsoft-Windows-BackgroundTaskInfrastructure%4Operational.evtx,C70BFFF0A559AF8CB76AD80A504DD55BD6CC484D,Deduped
C:\Windows\system32\winevt\logs\Microsoft-Windows-Backup.evtx,C70BFFF0A559AF8CB76AD80A504DD55BD6CC484D,Deduped
C:\Windows\system32\winevt\logs\Microsoft-Windows-BitLocker-DrivePreparationTool%4Admin.evtx,C70BFFF0A559AF8CB76AD80A504DD55BD6CC484D,Deduped
C:\Windows\system32\winevt\logs\Microsoft-Windows-BitLocker-DrivePreparationTool%4Operational.evtx,C70BFFF0A559AF8CB76AD80A504DD55BD6CC484D,Deduped
C:\Windows\system32\winevt\logs\Microsoft-Windows-Bluetooth-BthLEPrepairing%4Operational.evtx,C70BFFF0A559AF8CB76AD80A504DD55BD6CC484D,Deduped
C:\Windows\system32\winevt\logs\Microsoft-Windows-Bluetooth-MTPEnum%4Operational.evtx,C70BFFF0A559AF8CB76AD80A504DD55BD6CC484D,Deduped
C:\Windows\system32\winevt\logs\Microsoft-Windows-BranchCache%4Operational.evtx,C70BFFF0A559AF8CB76AD80A504DD55BD6CC484D,Deduped
C:\Windows\system32\winevt\logs\Microsoft-Windows-BranchCacheSMB%4Operational.evtx,C70BFFF0A559AF8CB76AD80A504DD55BD6CC484D,Deduped
C:\Windows\system32\winevt\logs\Microsoft-Windows-CertificateServicesClient-Lifecycle-System%4Operational.evtx,C70BFFF0A559AF8CB76AD80A504DD55BD6CC484D,Deduped
C:\Windows\system32\winevt\logs\Microsoft-Windows-CertificateServicesClient-Lifecycle-User%4Operational.evtx,C70BFFF0A559AF8CB76AD80A504DD55BD6CC484D,Deduped
C:\Windows\system32\winevt\logs\Microsoft-Windows-Cleanmgr%4Diagnostic.evtx,C70BFFF0A559AF8CB76AD80A504DD55BD6CC484D,Deduped
C:\Windows\system32\winevt\logs\Microsoft-Windows-Compat-Appraiser%4Operational.evtx,C70BFFF0A559AF8CB76AD80A504DD55BD6CC484D,Deduped
C:\Windows\system32\winevt\logs\Microsoft-Windows-Containers-Wcnfs%4Operational.evtx,C70BFFF0A559AF8CB76AD80A504DD55BD6CC484D,Deduped
C:\Windows\system32\winevt\logs\Microsoft-Windows-CoreApplication%4Operational.evtx,C70BFFF0A559AF8CB76AD80A504DD55BD6CC484D,Deduped
C:\Windows\system32\winevt\logs\Microsoft-Windows-CorruptedFileRecovery-Client%4Operational.evtx,C70BFFF0A559AF8CB76AD80A504DD55BD6CC484D,Deduped
C:\Windows\system32\winevt\logs\Microsoft-Windows-CorruptedFileRecovery-Server%4Operational.evtx,C70BFFF0A559AF8CB76AD80A504DD55BD6CC484D,Deduped
C:\Windows\system32\winevt\logs\Microsoft-Windows-DAL-Provider%4Operational.evtx,C70BFFF0A559AF8CB76AD80A504DD55BD6CC484D,Deduped
C:\Windows\system32\winevt\logs\Microsoft-Windows-DataIntegrityScan%4Admin.evtx,C70BFFF0A559AF8CB76AD80A504DD55BD6CC484D,Deduped
C:\Windows\system32\winevt\logs\Microsoft-Windows-DataIntegrityScan%4CrashRecovery.evtx,C70BFFF0A559AF8CB76AD80A504DD55BD6CC484D,Deduped
C:\Windows\system32\winevt\logs\Microsoft-Windows-DateTimeControlPanel%4Operational.evtx,C70BFFF0A559AF8CB76AD80A504DD55BD6CC484D,Deduped
C:\Windows\system32\winevt\logs\Microsoft-Windows-Deduplication%4Diagnostic.evtx,C70BFFF0A559AF8CB76AD80A504DD55BD6CC484D,Deduped
C:\Windows\system32\winevt\logs\Microsoft-Windows-Deduplication%4Operational.evtx,C70BFFF0A559AF8CB76AD80A504DD55BD6CC484D,Deduped
C:\Windows\system32\winevt\logs\Microsoft-Windows-Deduplication%4Scrubbing.evtx,C70BFFF0A559AF8CB76AD80A504DD55BD6CC484D,Deduped
C:\Windows\system32\winevt\logs\Microsoft-Windows-DeviceGuard%4Operational.evtx,C70BFFF0A559AF8CB76AD80A504DD55BD6CC484D,Deduped
C:\Windows\system32\winevt\logs\Microsoft-Windows-Devices-Background%4Operational.evtx,C70BFFF0A559AF8CB76AD80A504DD55BD6CC484D,Deduped
C:\Windows\system32\winevt\logs\Microsoft-Windows-DeviceSync%4Operational.evtx,C70BFFF0A559AF8CB76AD80A504DD55BD6CC484D,Deduped
C:\Windows\system32\winevt\logs\Microsoft-Windows-DeviceUpdateAgent%4Operational.evtx,C70BFFF0A559AF8CB76AD80A504DD55BD6CC484D,Deduped
C:\Windows\system32\winevt\logs\Microsoft-Windows-Diagnosis-PCW%4Operational.evtx,C70BFFF0A559AF8CB76AD80A504DD55BD6CC484D,Deduped
C:\Windows\system32\winevt\logs\Microsoft-Windows-Diagnosis-PLA%4Operational.evtx,C70BFFF0A559AF8CB76AD80A504DD55BD6CC484D,Deduped
C:\Windows\system32\winevt\logs\Microsoft-Windows-Diagnosis-ScriptedDiagnosticsProvider%4Operational.evtx,C70BFFF0A559AF8CB76AD80A504DD55BD6CC484D,Deduped
C:\Windows\system32\winevt\logs\Microsoft-Windows-Diagnostics-Networking%4Operational.evtx,C70BFFF0A559AF8CB76AD80A504DD55BD6CC484D,Deduped
C:\Windows\system32\winevt\logs\Microsoft-Windows-DiskDiagnostic%4Operational.evtx,C70BFFF0A559AF8CB76AD80A504DD55BD6CC484D,Deduped
C:\Windows\system32\winevt\logs\Microsoft-Windows-DiskDiagnosticResolver%4Operational.evtx,C70BFFF0A559AF8CB76AD80A504DD55BD6CC484D,Deduped
C:\Windows\system32\winevt\logs\Microsoft-Windows-DSC%4Admin.evtx,C70BFFF0A559AF8CB76AD80A504DD55BD6CC484D,Deduped
C:\Windows\system32\winevt\logs\Microsoft-Windows-DSC%4Operational.evtx,C70BFFF0A559AF8CB76AD80A504DD55BD6CC484D,Deduped
C:\Windows\system32\winevt\logs\Microsoft-Windows-DxgKrnl-Admin.evtx,C70BFFF0A559AF8CB76AD80A504DD55BD6CC484D,Deduped
C:\Windows\system32\winevt\logs\Microsoft-Windows-DxgKrnl-Operational.evtx,C70BFFF0A559AF8CB76AD80A504DD55BD6CC484D,Deduped
C:\Windows\system32\winevt\logs\Microsoft-Windows-EapHost%4Operational.evtx,C70BFFF0A559AF8CB76AD80A504DD55BD6CC484D,Deduped
C:\Windows\system32\winevt\logs\Microsoft-Windows-EapMethods-RasChap%4Operational.evtx,C70BFFF0A559AF8CB76AD80A504DD55BD6CC484D,Deduped
C:\Windows\system32\winevt\logs\Microsoft-Windows-EapMethods-RasTls%4Operational.evtx,C70BFFF0A559AF8CB76AD80A504DD55BD6CC484D,Deduped
C:\Windows\system32\winevt\logs\Microsoft-Windows-EapMethods-Sim%4Operational.evtx,C70BFFF0A559AF8CB76AD80A504DD55BD6CC484D,Deduped
C:\Windows\system32\winevt\logs\Microsoft-Windows-EapMethods-Ttls%4Operational.evtx,C70BFFF0A559AF8CB76AD80A504DD55BD6CC484D,Deduped
C:\Windows\system32\winevt\logs\Microsoft-Windows-EDP-Application-Learning%4Admin.evtx,C70BFFF0A559AF8CB76AD80A504DD55BD6CC484D,Deduped
C:\Windows\system32\winevt\logs\Microsoft-Windows-EDP-Audit-Regular%4Admin.evtx,C70BFFF0A559AF8CB76AD80A504DD55BD6CC484D,Deduped
C:\Windows\system32\winevt\logs\Microsoft-Windows-EDP-Audit-TCB%4Admin.evtx,C70BFFF0A559AF8CB76AD80A504DD55BD6CC484D,Deduped
C:\Windows\system32\winevt\logs\Microsoft-Windows-EventCollector%4Operational.evtx,C70BFFF0A559AF8CB76AD80A504DD55BD6CC484D,Deduped
C:\Windows\system32\winevt\logs\Microsoft-Windows-FeatureConfiguration%4Operational.evtx,C70BFFF0A559AF8CB76AD80A504DD55BD6CC484D,Deduped
C:\Windows\system32\winevt\logs\Microsoft-Windows-FileHistory-Engine%4BackupLog.evtx,C70BFFF0A559AF8CB76AD80A504DD55BD6CC484D,Deduped
C:\Windows\system32\winevt\logs\Microsoft-Windows-FMS%4Operational.evtx,C70BFFF0A559AF8CB76AD80A504DD55BD6CC484D,Deduped
C:\Windows\system32\winevt\logs\Microsoft-Windows-Folder Redirection%4Operational.evtx,C70BFFF0A559AF8CB76AD80A504DD55BD6CC484D,Deduped
C:\Windows\system32\winevt\logs\Microsoft-Windows-Forwarding%4Operational.evtx,C70BFFF0A559AF8CB76AD80A504DD55BD6CC484D,Deduped
C:\Windows\system32\winevt\logs\Microsoft-Windows-GenericRoaming%4Admin.evtx,C70BFFF0A559AF8CB76AD80A504DD55BD6CC484D,Deduped
C:\Windows\system32\winevt\logs\Microsoft-Windows-Help%4Operational.evtx,C70BFFF0A559AF8CB76AD80A504DD55BD6CC484D,Deduped
C:\Windows\system32\winevt\logs\Microsoft-Windows-HomeGroup Listener Service%4Operational.evtx,C70BFFF0A559AF8CB76AD80A504DD55BD6CC484D,Deduped
C:\Windows\system32\winevt\logs\Microsoft-Windows-HomeGroup Provider Service%4Operational.evtx,C70BFFF0A559AF8CB76AD80A504DD55BD6CC484D,Deduped
C:\Windows\system32\winevt\logs\Microsoft-Windows-Hyper-V-Guest-Drivers%4Admin.evtx,C70BFFF0A559AF8CB76AD80A504DD55BD6CC484D,Deduped
C:\Windows\system32\winevt\logs\Microsoft-Windows-Hyper-V-Hypervisor-Admin.evtx,C70BFFF0A559AF8CB76AD80A504DD55BD6CC484D,Deduped
C:\Windows\system32\winevt\logs\Microsoft-Windows-Hyper-V-Hypervisor-Operational.evtx,C70BFFF0A559AF8CB76AD80A504DD55BD6CC484D,Deduped
C:\Windows\system32\winevt\logs\Microsoft-Windows-Hyper-V-VID-Admin.evtx,C70BFFF0A559AF8CB76AD80A504DD55BD6CC484D,Deduped
C:\Windows\system32\winevt\logs\Microsoft-Windows-IdCtrls%4Operational.evtx,C70BFFF0A559AF8CB76AD80A504DD55BD6CC484D,Deduped
C:\Windows\system32\winevt\logs\Microsoft-Windows-IKE%4Operational.evtx,C70BFFF0A559AF8CB76AD80A504DD55BD6CC484D,Deduped
C:\Windows\system32\winevt\logs\Microsoft-Windows-International-RegionalOptionsControlPanel%4Operational.evtx,C70BFFF0A559AF8CB76AD80A504DD55BD6CC484D,Deduped
C:\Windows\system32\winevt\logs\Microsoft-Windows-Iphlpsvc%4Operational.evtx,C70BFFF0A559AF8CB76AD80A504DD55BD6CC484D,Deduped
C:\Windows\system32\winevt\logs\Microsoft-Windows-IPxlatCfg%4Operational.evtx,C70BFFF0A559AF8CB76AD80A504DD55BD6CC484D,Deduped
C:\Windows\system32\winevt\logs\Microsoft-Windows-KdsSvc%4Operational.evtx,C70BFFF0A559AF8CB76AD80A504DD55BD6CC484D,Deduped
C:\Windows\system32\winevt\logs\Microsoft-Windows-Kernel-ApphelpCache%4Operational.evtx,C70BFFF0A559AF8CB76AD80A504DD55BD6CC484D,Deduped
C:\Windows\system32\winevt\logs\Microsoft-Windows-Kernel-IO%4Operational.evtx,C70BFFF0A559AF8CB76AD80A504DD55BD6CC484D,Deduped
C:\Windows\system32\winevt\logs\Microsoft-Windows-Kernel-LiveDump%4Operational.evtx,C70BFFF0A559AF8CB76AD80A504DD55BD6CC484D,Deduped
C:\Windows\system32\winevt\logs\Microsoft-Windows-Kernel-WDI%4Operational.evtx,C70BFFF0A559AF8CB76AD80A504DD55BD6CC484D,Deduped
C:\Windows\system32\winevt\logs\Microsoft-Windows-MemoryDiagnostics-Results%4Debug.evtx,C70BFFF0A559AF8CB76AD80A504DD55BD6CC484D,Deduped
C:\Windows\system32\winevt\logs\Microsoft-Windows-Mobile-Broadband-Experience-Parser-Task%4Operational.evtx,C70BFFF0A559AF8CB76AD80A504DD55BD6CC484D,Deduped
C:\Windows\system32\winevt\logs\Microsoft-Windows-ModernDeployment-Diagnostics-Provider%4Admin.evtx,C70BFFF0A559AF8CB76AD80A504DD55BD6CC484D,Deduped
C:\Windows\system32\winevt\logs\Microsoft-Windows-Mprddm%4Operational.evtx,C70BFFF0A559AF8CB76AD80A504DD55BD6CC484D,Deduped
C:\Windows\system32\winevt\logs\Microsoft-Windows-MUI%4Admin.evtx,C70BFFF0A559AF8CB76AD80A504DD55BD6CC484D,Deduped
C:\Windows\system32\winevt\logs\Microsoft-Windows-NdisImPlatform%4Operational.evtx,C70BFFF0A559AF8CB76AD80A504DD55BD6CC484D,Deduped
C:\Windows\system32\winevt\logs\Microsoft-Windows-NetworkLocationWizard%4Operational.evtx,C70BFFF0A559AF8CB76AD80A504DD55BD6CC484D,Deduped
C:\Windows\system32\winevt\logs\Microsoft-Windows-NetworkProvider%4Operational.evtx,C70BFFF0A559AF8CB76AD80A504DD55BD6CC484D,Deduped
C:\Windows\system32\winevt\logs\Microsoft-Windows-NetworkProvisioning%4Operational.evtx,C70BFFF0A559AF8CB76AD80A504DD55BD6CC484D,Deduped
C:\Windows\system32\winevt\logs\Microsoft-Windows-NlaSvc%4Operational.evtx,C70BFFF0A559AF8CB76AD80A504DD55BD6CC484D,Deduped
C:\Windows\system32\winevt\logs\Microsoft-Windows-NTLM%4Operational.evtx,C70BFFF0A559AF8CB76AD80A504DD55BD6CC484D,Deduped
C:\Windows\system32\winevt\logs\Microsoft-Windows-OfflineFiles%4Operational.evtx,C70BFFF0A559AF8CB76AD80A504DD55BD6CC484D,Deduped
C:\Windows\system32\winevt\logs\Microsoft-Windows-OneBackup%4Debug.evtx,C70BFFF0A559AF8CB76AD80A504DD55BD6CC484D,Deduped
C:\Windows\system32\winevt\logs\Microsoft-Windows-OOBE-Machine-DUI%4Operational.evtx,C70BFFF0A559AF8CB76AD80A504DD55BD6CC484D,Deduped
C:\Windows\system32\winevt\logs\Microsoft-Windows-PackageStateRoaming%4Operational.evtx,C70BFFF0A559AF8CB76AD80A504DD55BD6CC484D,Deduped
C:\Windows\system32\winevt\logs\Microsoft-Windows-ParentalControls%4Operational.evtx,C70BFFF0A559AF8CB76AD80A504DD55BD6CC484D,Deduped
C:\Windows\system32\winevt\logs\Microsoft-Windows-PerceptionRuntime%4Operational.evtx,C70BFFF0A559AF8CB76AD80A504DD55BD6CC484D,Deduped
C:\Windows\system32\winevt\logs\Microsoft-Windows-PerceptionSensorDataService%4Operational.evtx,C70BFFF0A559AF8CB76AD80A504DD55BD6CC484D,Deduped
C:\Windows\system32\winevt\logs\Microsoft-Windows-PersistentMemory-Nvdimm%4Operational.evtx,C70BFFF0A559AF8CB76AD80A504DD55BD6CC484D,Deduped
C:\Windows\system32\winevt\logs\Microsoft-Windows-PersistentMemory-PmemDisk%4Operational.evtx,C70BFFF0A559AF8CB76AD80A504DD55BD6CC484D,Deduped
C:\Windows\system32\winevt\logs\Microsoft-Windows-PersistentMemory-ScmBus%4Certification.evtx,C70BFFF0A559AF8CB76AD80A504DD55BD6CC484D,Deduped
C:\Windows\system32\winevt\logs\Microsoft-Windows-PersistentMemory-ScmBus%4Operational.evtx,C70BFFF0A559AF8CB76AD80A504DD55BD6CC484D,Deduped
C:\Windows\system32\winevt\logs\Microsoft-Windows-Policy%4Operational.evtx,C70BFFF0A559AF8CB76AD80A504DD55BD6CC484D,Deduped
C:\Windows\system32\winevt\logs\Microsoft-Windows-PowerShell-DesiredStateConfiguration-FileDownloadManager%4Operational.evtx,C70BFFF0A559AF8CB76AD80A504DD55BD6CC484D,Deduped
C:\Windows\system32\winevt\logs\Microsoft-Windows-PrintBRM%4Admin.evtx,C70BFFF0A559AF8CB76AD80A504DD55BD6CC484D,Deduped
C:\Windows\system32\winevt\logs\Microsoft-Windows-PrintService%4Admin.evtx,C70BFFF0A559AF8CB76AD80A504DD55BD6CC484D,Deduped
C:\Windows\system32\winevt\logs\Microsoft-Windows-ReadyBoostDriver%4Operational.evtx,C70BFFF0A559AF8CB76AD80A504DD55BD6CC484D,Deduped
C:\Windows\system32\winevt\logs\Microsoft-Windows-ReFS%4Operational.evtx,C70BFFF0A559AF8CB76AD80A504DD55BD6CC484D,Deduped
C:\Windows\system32\winevt\logs\Microsoft-Windows-Regsvr32%4Operational.evtx,C70BFFF0A559AF8CB76AD80A504DD55BD6CC484D,Deduped
C:\Windows\system32\winevt\logs\Microsoft-Windows-RemoteApp and Desktop Connections%4Admin.evtx,C70BFFF0A559AF8CB76AD80A504DD55BD6CC484D,Deduped
C:\Windows\system32\winevt\logs\Microsoft-Windows-RemoteApp and Desktop Connections%4Operational.evtx,C70BFFF0A559AF8CB76AD80A504DD55BD6CC484D,Deduped
C:\Windows\system32\winevt\logs\Microsoft-Windows-RemoteAssistance%4Admin.evtx,C70BFFF0A559AF8CB76AD80A504DD55BD6CC484D,Deduped
C:\Windows\system32\winevt\logs\Microsoft-Windows-RemoteAssistance%4Operational.evtx,C70BFFF0A559AF8CB76AD80A504DD55BD6CC484D,Deduped
C:\Windows\system32\winevt\logs\Microsoft-Windows-RemoteDesktopServices-RdpCoreTS%4Admin.evtx,C70BFFF0A559AF8CB76AD80A504DD55BD6CC484D,Deduped
C:\Windows\system32\winevt\logs\Microsoft-Windows-RemoteDesktopServices-RdpCoreTS%4Operational.evtx,C70BFFF0A559AF8CB76AD80A504DD55BD6CC484D,Deduped
C:\Windows\system32\winevt\logs\Microsoft-Windows-RemoteDesktopServices-RemoteFX-Synth3dvsc%4Admin.evtx,C70BFFF0A559AF8CB76AD80A504DD55BD6CC484D,Deduped
C:\Windows\system32\winevt\logs\Microsoft-Windows-RemoteDesktopServices-SessionServices%4Operational.evtx,C70BFFF0A559AF8CB76AD80A504DD55BD6CC484D,Deduped
C:\Windows\system32\winevt\logs\Microsoft-Windows-RetailDemo%4Admin.evtx,C70BFFF0A559AF8CB76AD80A504DD55BD6CC484D,Deduped
C:\Windows\system32\winevt\logs\Microsoft-Windows-RetailDemo%4Operational.evtx,C70BFFF0A559AF8CB76AD80A504DD55BD6CC484D,Deduped
C:\Windows\system32\winevt\logs\Microsoft-Windows-SearchUI%4Operational.evtx,C70BFFF0A559AF8CB76AD80A504DD55BD6CC484D,Deduped
C:\Windows\system32\winevt\logs\Microsoft-Windows-Security-Adminless%4Operational.evtx,C70BFFF0A559AF8CB76AD80A504DD55BD6CC484D,Deduped
C:\Windows\system32\winevt\logs\Microsoft-Windows-Security-Audit-Configuration-Client%4Operational.evtx,C70BFFF0A559AF8CB76AD80A504DD55BD6CC484D,Deduped
C:\Windows\system32\winevt\logs\Microsoft-Windows-Security-EnterpriseData-FileRevocationManager%4Operational.evtx,C70BFFF0A559AF8CB76AD80A504DD55BD6CC484D,Deduped
C:\Windows\system32\winevt\logs\Microsoft-Windows-Security-Mitigations%4UserMode.evtx,C70BFFF0A559AF8CB76AD80A504DD55BD6CC484D,Deduped
C:\Windows\system32\winevt\logs\Microsoft-Windows-Security-Netlogon%4Operational.evtx,C70BFFF0A559AF8CB76AD80A504DD55BD6CC484D,Deduped
C:\Windows\system32\winevt\logs\Microsoft-Windows-Security-SPP-UX-GenuineCenter-Logging%4Operational.evtx,C70BFFF0A559AF8CB76AD80A504DD55BD6CC484D,Deduped
C:\Windows\system32\winevt\logs\Microsoft-Windows-Security-UserConsentVerifier%4Audit.evtx,C70BFFF0A559AF8CB76AD80A504DD55BD6CC484D,Deduped
C:\Windows\system32\winevt\logs\Microsoft-Windows-SecurityMitigationsBroker%4Operational.evtx,C70BFFF0A559AF8CB76AD80A504DD55BD6CC484D,Deduped
C:\Windows\system32\winevt\logs\Microsoft-Windows-SENSE%4Operational.evtx,C70BFFF0A559AF8CB76AD80A504DD55BD6CC484D,Deduped
C:\Windows\system32\winevt\logs\Microsoft-Windows-SenseIR%4Operational.evtx,C70BFFF0A559AF8CB76AD80A504DD55BD6CC484D,Deduped
C:\Windows\system32\winevt\logs\Microsoft-Windows-SettingSync-Azure%4Debug.evtx,C70BFFF0A559AF8CB76AD80A504DD55BD6CC484D,Deduped
C:\Windows\system32\winevt\logs\Microsoft-Windows-SettingSync-Azure%4Operational.evtx,C70BFFF0A559AF8CB76AD80A504DD55BD6CC484D,Deduped
C:\Windows\system32\winevt\logs\Microsoft-Windows-SettingSync-OneDrive%4Debug.evtx,C70BFFF0A559AF8CB76AD80A504DD55BD6CC484D,Deduped
C:\Windows\system32\winevt\logs\Microsoft-Windows-SettingSync-OneDrive%4Operational.evtx,C70BFFF0A559AF8CB76AD80A504DD55BD6CC484D,Deduped
C:\Windows\system32\winevt\logs\Microsoft-Windows-SmartCard-Audit%4Authentication.evtx,C70BFFF0A559AF8CB76AD80A504DD55BD6CC484D,Deduped
C:\Windows\system32\winevt\logs\Microsoft-Windows-SmartCard-DeviceEnum%4Operational.evtx,C70BFFF0A559AF8CB76AD80A504DD55BD6CC484D,Deduped
C:\Windows\system32\winevt\logs\Microsoft-Windows-SmartCard-TPM-VCard-Module%4Admin.evtx,C70BFFF0A559AF8CB76AD80A504DD55BD6CC484D,Deduped
C:\Windows\system32\winevt\logs\Microsoft-Windows-SmartCard-TPM-VCard-Module%4Operational.evtx,C70BFFF0A559AF8CB76AD80A504DD55BD6CC484D,Deduped
C:\Windows\system32\winevt\logs\Microsoft-Windows-SMBDirect%4Admin.evtx,C70BFFF0A559AF8CB76AD80A504DD55BD6CC484D,Deduped
C:\Windows\system32\winevt\logs\Microsoft-Windows-SMBWitnessClient%4Admin.evtx,C70BFFF0A559AF8CB76AD80A504DD55BD6CC484D,Deduped
C:\Windows\system32\winevt\logs\Microsoft-Windows-SMBWitnessClient%4Informational.evtx,C70BFFF0A559AF8CB76AD80A504DD55BD6CC484D,Deduped
C:\Windows\system32\winevt\logs\Microsoft-Windows-Storage-ClassPnP%4Operational.evtx,C70BFFF0A559AF8CB76AD80A504DD55BD6CC484D,Deduped
C:\Windows\system32\winevt\logs\Microsoft-Windows-Storage-Tiering%4Admin.evtx,C70BFFF0A559AF8CB76AD80A504DD55BD6CC484D,Deduped
C:\Windows\system32\winevt\logs\Microsoft-Windows-StorageManagement%4Operational.evtx,C70BFFF0A559AF8CB76AD80A504DD55BD6CC484D,Deduped
C:\Windows\system32\winevt\logs\Microsoft-Windows-StorageSettings%4Diagnostic.evtx,C70BFFF0A559AF8CB76AD80A504DD55BD6CC484D,Deduped
C:\Windows\system32\winevt\logs\Microsoft-Windows-StorageSpaces-SpaceManager%4Diagnostic.evtx,C70BFFF0A559AF8CB76AD80A504DD55BD6CC484D,Deduped
C:\Windows\system32\winevt\logs\Microsoft-Windows-StorageSpaces-SpaceManager%4Operational.evtx,C70BFFF0A559AF8CB76AD80A504DD55BD6CC484D,Deduped
C:\Windows\system32\winevt\logs\Microsoft-Windows-SystemSettingsThreshold%4Operational.evtx,C70BFFF0A559AF8CB76AD80A504DD55BD6CC484D,Deduped
C:\Windows\system32\winevt\logs\Microsoft-Windows-TCPIP%4Operational.evtx,C70BFFF0A559AF8CB76AD80A504DD55BD6CC484D,Deduped
C:\Windows\system32\winevt\logs\Microsoft-Windows-TerminalServices-ClientUSBDevices%4Admin.evtx,C70BFFF0A559AF8CB76AD80A504DD55BD6CC484D,Deduped
C:\Windows\system32\winevt\logs\Microsoft-Windows-TerminalServices-ClientUSBDevices%4Operational.evtx,C70BFFF0A559AF8CB76AD80A504DD55BD6CC484D,Deduped
C:\Windows\system32\winevt\logs\Microsoft-Windows-TerminalServices-PnPDevices%4Admin.evtx,C70BFFF0A559AF8CB76AD80A504DD55BD6CC484D,Deduped
C:\Windows\system32\winevt\logs\Microsoft-Windows-TerminalServices-PnPDevices%4Operational.evtx,C70BFFF0A559AF8CB76AD80A504DD55BD6CC484D,Deduped
C:\Windows\system32\winevt\logs\Microsoft-Windows-TerminalServices-Printers%4Admin.evtx,C70BFFF0A559AF8CB76AD80A504DD55BD6CC484D,Deduped
C:\Windows\system32\winevt\logs\Microsoft-Windows-TerminalServices-Printers%4Operational.evtx,C70BFFF0A559AF8CB76AD80A504DD55BD6CC484D,Deduped
C:\Windows\system32\winevt\logs\Microsoft-Windows-TerminalServices-RDPClient%4Operational.evtx,C70BFFF0A559AF8CB76AD80A504DD55BD6CC484D,Deduped
C:\Windows\system32\winevt\logs\Microsoft-Windows-TerminalServices-RemoteConnectionManager%4Admin.evtx,C70BFFF0A559AF8CB76AD80A504DD55BD6CC484D,Deduped
C:\Windows\system32\winevt\logs\Microsoft-Windows-TerminalServices-RemoteConnectionManager%4Operational.evtx,C70BFFF0A559AF8CB76AD80A504DD55BD6CC484D,Deduped
C:\Windows\system32\winevt\logs\Microsoft-Windows-TerminalServices-ServerUSBDevices%4Admin.evtx,C70BFFF0A559AF8CB76AD80A504DD55BD6CC484D,Deduped
C:\Windows\system32\winevt\logs\Microsoft-Windows-TerminalServices-ServerUSBDevices%4Operational.evtx,C70BFFF0A559AF8CB76AD80A504DD55BD6CC484D,Deduped
C:\Windows\system32\winevt\logs\Microsoft-Windows-Time-Service-PTP-Provider%4PTP-Operational.evtx,C70BFFF0A559AF8CB76AD80A504DD55BD6CC484D,Deduped
C:\Windows\system32\winevt\logs\Microsoft-Windows-Troubleshooting-Recommended%4Admin.evtx,C70BFFF0A559AF8CB76AD80A504DD55BD6CC484D,Deduped
C:\Windows\system32\winevt\logs\Microsoft-Windows-Troubleshooting-Recommended%4Operational.evtx,C70BFFF0A559AF8CB76AD80A504DD55BD6CC484D,Deduped
C:\Windows\system32\winevt\logs\Microsoft-Windows-TZUtil%4Operational.evtx,C70BFFF0A559AF8CB76AD80A504DD55BD6CC484D,Deduped
C:\Windows\system32\winevt\logs\Microsoft-Windows-UAC%4Operational.evtx,C70BFFF0A559AF8CB76AD80A504DD55BD6CC484D,Deduped
C:\Windows\system32\winevt\logs\Microsoft-Windows-User Control Panel%4Operational.evtx,C70BFFF0A559AF8CB76AD80A504DD55BD6CC484D,Deduped
C:\Windows\system32\winevt\logs\Microsoft-Windows-User-Loader%4Operational.evtx,C70BFFF0A559AF8CB76AD80A504DD55BD6CC484D,Deduped
C:\Windows\system32\winevt\logs\Microsoft-Windows-VPN%4Operational.evtx,C70BFFF0A559AF8CB76AD80A504DD55BD6CC484D,Deduped
C:\Users\Alice Doe\AppData\Local\Packages\Microsoft.MicrosoftEdge_8wekyb3d8bbwe\AC\Temp\~DFF355910C773CDE21.TMP,DA39A3EE5E6B4B0D3255BFEF95601890AFD80709,Deduped
C:\Windows\system32\winevt\logs\HardwareEvents.evtx,C70BFFF0A559AF8CB76AD80A504DD55BD6CC484D,Deduped
C:\Windows\system32\winevt\logs\Internet Explorer.evtx,C70BFFF0A559AF8CB76AD80A504DD55BD6CC484D,Deduped
C:\Windows\system32\winevt\logs\Key Management Service.evtx,C70BFFF0A559AF8CB76AD80A504DD55BD6CC484D,Deduped
C:\Windows\system32\winevt\logs\Microsoft-Windows-Application-Experience%4Program-Compatibility-Assistant.evtx,C70BFFF0A559AF8CB76AD80A504DD55BD6CC484D,Deduped
C:\Windows\system32\winevt\logs\Microsoft-Windows-Application-Experience%4Program-Compatibility-Troubleshooter.evtx,C70BFFF0A559AF8CB76AD80A504DD55BD6CC484D,Deduped
C:\Windows\system32\winevt\logs\Microsoft-Windows-Application-Experience%4Program-Inventory.evtx,C70BFFF0A559AF8CB76AD80A504DD55BD6CC484D,Deduped
C:\Windows\system32\winevt\logs\Microsoft-Windows-Application-Experience%4Steps-Recorder.evtx,C70BFFF0A559AF8CB76AD80A504DD55BD6CC484D,Deduped
C:\Windows\system32\winevt\logs\Microsoft-Windows-AppXDeploymentServer%4Restricted.evtx,C70BFFF0A559AF8CB76AD80A504DD55BD6CC484D,Deduped
C:\Windows\system32\winevt\logs\Microsoft-Windows-DiskDiagnosticDataCollector%4Operational.evtx,C70BFFF0A559AF8CB76AD80A504DD55BD6CC484D,Deduped
C:\Windows\system32\winevt\logs\Microsoft-Windows-FileHistory-Core%4WHC.evtx,C70BFFF0A559AF8CB76AD80A504DD55BD6CC484D,Deduped
C:\Windows\system32\winevt\logs\Microsoft-Windows-HotspotAuth%4Operational.evtx,C70BFFF0A559AF8CB76AD80A504DD55BD6CC484D,Deduped
C:\Windows\system32\winevt\logs\Microsoft-Windows-Kernel-PnP%4Driver Watchdog.evtx,C70BFFF0A559AF8CB76AD80A504DD55BD6CC484D,Deduped
C:\Windows\system32\winevt\logs\Microsoft-Windows-Kernel-Power%4Thermal-Operational.evtx,C70BFFF0A559AF8CB76AD80A504DD55BD6CC484D,Deduped
C:\Windows\system32\winevt\logs\Microsoft-Windows-Kernel-StoreMgr%4Operational.evtx,C70BFFF0A559AF8CB76AD80A504DD55BD6CC484D,Deduped
C:\Windows\system32\winevt\logs\Microsoft-Windows-Kernel-WHEA%4Errors.evtx,C70BFFF0A559AF8CB76AD80A504DD55BD6CC484D,Deduped
C:\Windows\system32\winevt\logs\Microsoft-Windows-PowerShell%4Admin.evtx,C70BFFF0A559AF8CB76AD80A504DD55BD6CC484D,Deduped
C:\Windows\system32\winevt\logs\Microsoft-Windows-Program-Compatibility-Assistant%4CompatAfterUpgrade.evtx,C70BFFF0A559AF8CB76AD80A504DD55BD6CC484D,Deduped
C:\Windows\system32\winevt\logs\Microsoft-Windows-Provisioning-Diagnostics-Provider%4AutoPilot.evtx,C70BFFF0A559AF8CB76AD80A504DD55BD6CC484D,Deduped
C:\Windows\system32\winevt\logs\Microsoft-Windows-Provisioning-Diagnostics-Provider%4ManagementService.evtx,C70BFFF0A559AF8CB76AD80A504DD55BD6CC484D,Deduped
C:\Windows\system32\winevt\logs\Microsoft-Windows-PushNotification-Platform%4Admin.evtx,C70BFFF0A559AF8CB76AD80A504DD55BD6CC484D,Deduped
C:\Windows\system32\winevt\logs\Microsoft-Windows-Shell-ConnectedAccountState%4ActionCenter.evtx,C70BFFF0A559AF8CB76AD80A504DD55BD6CC484D,Deduped
C:\Windows\system32\winevt\logs\Microsoft-Windows-Shell-Core%4ActionCenter.evtx,C70BFFF0A559AF8CB76AD80A504DD55BD6CC484D,Deduped
C:\Windows\system32\winevt\logs\Microsoft-Windows-Shell-Core%4LogonTasksChannel.evtx,C70BFFF0A559AF8CB76AD80A504DD55BD6CC484D,Deduped
C:\Windows\system32\winevt\logs\Microsoft-Windows-SmbClient%4Audit.evtx,C70BFFF0A559AF8CB76AD80A504DD55BD6CC484D,Deduped
C:\Windows\system32\winevt\logs\Microsoft-Windows-SMBClient%4Operational.evtx,C70BFFF0A559AF8CB76AD80A504DD55BD6CC484D,Deduped
C:\Windows\system32\winevt\logs\Microsoft-Windows-SmbClient%4Security.evtx,C70BFFF0A559AF8CB76AD80A504DD55BD6CC484D,Deduped
C:\Windows\system32\winevt\logs\Microsoft-Windows-SMBServer%4Audit.evtx,C70BFFF0A559AF8CB76AD80A504DD55BD6CC484D,Deduped
C:\Windows\system32\winevt\logs\Microsoft-Windows-SMBServer%4Connectivity.evtx,C70BFFF0A559AF8CB76AD80A504DD55BD6CC484D,Deduped
C:\Windows\system32\winevt\logs\Microsoft-Windows-StateRepository%4Restricted.evtx,C70BFFF0A559AF8CB76AD80A504DD55BD6CC484D,Deduped
C:\Windows\system32\winevt\logs\Microsoft-Windows-StorageSpaces-Driver%4Diagnostic.evtx,C70BFFF0A559AF8CB76AD80A504DD55BD6CC484D,Deduped
C:\Windows\system32\winevt\logs\Microsoft-Windows-StorageSpaces-ManagementAgent%4WHC.evtx,C70BFFF0A559AF8CB76AD80A504DD55BD6CC484D,Deduped
C:\Windows\system32\winevt\logs\Microsoft-Windows-TerminalServices-LocalSessionManager%4Admin.evtx,C70BFFF0A559AF8CB76AD80A504DD55BD6CC484D,Deduped
C:\Windows\system32\winevt\logs\Microsoft-Windows-UserPnp%4ActionCenter.evtx,C70BFFF0A559AF8CB76AD80A504DD55BD6CC484D,Deduped
C:\Windows\system32\winevt\logs\Microsoft-Windows-Windows Defender%4WHC.evtx,C70BFFF0A559AF8CB76AD80A504DD55BD6CC484D,Deduped
C:\Windows\system32\winevt\logs\Microsoft-Windows-Windows Firewall With Advanced Security%4ConnectionSecurity.evtx,C70BFFF0A559AF8CB76AD80A504DD55BD6CC484D,Deduped
C:\Windows\system32\winevt\logs\Microsoft-Windows-WindowsBackup%4ActionCenter.evtx,C70BFFF0A559AF8CB76AD80A504DD55BD6CC484D,Deduped
C:\Windows\system32\winevt\logs\Microsoft-Windows-WorkFolders%4WHC.evtx,C70BFFF0A559AF8CB76AD80A504DD55BD6CC484D,Deduped
C:\Windows\System32\LogFiles\WMI\RtBackup\EtwRTDiagtrack-Listener.etl,DA39A3EE5E6B4B0D3255BFEF95601890AFD80709,Deduped
C:\Windows\System32\LogFiles\WMI\RtBackup\EtwRTEventLog-Microsoft-Windows-Sysmon-Operational.etl,DA39A3EE5E6B4B0D3255BFEF95601890AFD80709,Deduped
C:\Windows\System32\LogFiles\WMI\RtBackup\EtwRTSgrmEtwSession.etl,DA39A3EE5E6B4B0D3255BFEF95601890AFD80709,Deduped
C:\Windows\System32\LogFiles\WMI\RtBackup\EtwRTUBPM.etl,0D0E47938F6E00166E7352732DDFB7C610F44DB2,Deduped
C:\Windows\System32\LogFiles\WMI\RtBackup\EtwRTWFP-IPsec Diagnostics.etl,DA39A3EE5E6B4B0D3255BFEF95601890AFD80709,Deduped
C:\Users\Administrator\ntuser.dat.LOG2,DA39A3EE5E6B4B0D3255BFEF95601890AFD80709,Deduped
